{
  "best_rank1": 0.8826291079812206,
  "final_rank1": 0.8685446009389671,
  "final_rank5": 0.9671361502347418,
  "final_mAP": 0.5850536690862058,
  "config": {
    "epochs": 100,
    "batch": 64,
    "lr": 0.0003,
    "dim": 512,
    "train_cats": 102,
    "test_cats": 25
  }
}