{
  "best_rank1": 0.7294938917975567,
  "final_rank1": 0.7225130890052356,
  "final_rank5": 0.7783595113438045,
  "final_mAP": 0.49716196334856655,
  "config": {
    "epochs": 100,
    "batch": 64,
    "lr": 0.0003,
    "dim": 512,
    "train_cats": 228,
    "test_cats": 57
  }
}